35,ADAMANTINA, 1813965, 0.79
35,ADOLFO, 1678509, 0.73
35,AGUAÍ, 172349, 0.715
35,ÁGUAS DA PRATA, 176025, 0.781
35,ÁGUAS DE LINDÓIA, 1379633, 0.745
35,ÁGUAS DE SANTA BÁRBARA, 235813, 0.757
35,ÁGUAS DE SÃO PEDRO, 2578847, 0.854
35,AGUDOS, 5077506, 0.745
35,ALAMBARI, 1237425, 0.712
35,ALFREDO MARCONDES, 1044618, 0.741
35,ALTAIR, 1951739, 0.687
35,ALTINÓPOLIS, 1602857, 0.73
35,ALTO ALEGRE, 1421665, 0.7
35,ALUMÍNIO, 9447219, 0.766
35,ÁLVARES FLORENCE, 2344921, 0.728
35,ÁLVARES MACHADO, 1023204, 0.758
35,ÁLVARO DE CARVALHO, 643955, 0.688
35,ALVINLÂNDIA, 1034644, 0.722
35,AMERICANA, 3368694, 0.811
35,AMÉRICO BRASILIENSE, 1303661, 0.751
35,AMÉRICO DE CAMPOS, 988941, 0.745
35,AMPARO, 3719131, 0.785
35,ANALÂNDIA, 2367691, 0.754
35,ANDRADINA, 2480464, 0.779
35,ANGATUBA, 2463274, 0.719
35,ANHEMBI, 1638839, 0.721
35,ANHUMAS, 1081105, 0.741
35,APARECIDA, 1409511, 0.755
35,APARECIDA DOESTE, 1110986, 0.721
35,APIAÍ, 1688858, 0.71
35,ARAÇARIGUAMA, 6153147, 0.704
35,ARAÇATUBA, 2154255, 0.788
35,ARAÇOIABA DA SERRA, 1178585, 0.776
35,ARAMINA, 1523782, 0.74
35,ARANDU, 1119717, 0.685
35,ARAPEÍ, 909214, 0.68
35,ARARAQUARA, 2600621, 0.815
35,ARARAS, 2727429, 0.781
35,ARCO-ÍRIS, 1489072, 0.722
35,AREALVA, 1575462, 0.744
35,AREIAS, 621238, 0.697
35,AREIÓPOLIS, 652164, 0.695
35,ARIRANHA, 5783768, 0.733
35,ARTUR NOGUEIRA, 1269363, 0.749
35,ARUJÁ, 2625115, 0.784
35,ASPÁSIA, 823849, 0.735
35,ASSIS, 2084677, 0.805
35,ATIBAIA, 2850284, 0.765
35,AURIFLAMA, 1177767, 0.773
35,AVAÍ, 2317957, 0.714
35,AVANHANDAVA, 1302346, 0.705
35,AVARÉ, 1436968, 0.767
35,BADY BASSITT, 1566816, 0.746
35,BALBINOS, 447044, 0.669
35,BÁLSAMO, 1322679, 0.756
35,BANANAL, 1169513, 0.733
35,BARÃO DE ANTONINA, 114113, 0.711
35,BARBOSA, 954672, 0.699
35,BARIRI, 1982915, 0.75
35,BARRA BONITA, 2403978, 0.788
35,BARRA DO CHAPÉU, 49121, 0.66
35,BARRA DO TURVO, 677826, 0.641
35,BARRETOS, 220107, 0.789
35,BARRINHA, 883826, 0.725
35,BARUERI, 13252848, 0.786
35,BASTOS, 2288319, 0.751
35,BATATAIS, 1761988, 0.761
35,BAURU, 2302531, 0.801
35,BEBEDOURO, 2023466, 0.78
35,BENTO DE ABREU, 3927411, 0.744
35,BERNARDINO DE CAMPOS, 1043226, 0.734
35,BERTIOGA, 2321259, 0.73
35,BILAC, 1348928, 0.768
35,BIRIGUI, 16353, 0.78
35,BIRITIBA-MIRIM, 1128964, 0.712
35,BOA ESPERANÇA DO SUL, 865154, 0.681
35,BOCAINA, 2006387, 0.742
35,BOFETE, 1217362, 0.705
35,BOITUVA, 3597673, 0.78
35,BOM JESUS DOS PERDÕES, 1228338, 0.713
35,BOM SUCESSO DE ITARARÉ, 984964, 0.66
35,BORÁ, 754687, 0.746
35,BORACÉIA, 2353227, 0.754
35,BORBOREMA, 14325, 0.73
35,BOREBI, 1620979, 0.705
35,BOTUCATU, 2332832, 0.8
35,BRAGANÇA PAULISTA, 2151988, 0.776
35,BRAÚNA, 1038676, 0.737
35,BREJO ALEGRE, 5164654, 0.71
35,BRODOWSKI, 1295314, 0.755
35,BROTAS, 1839954, 0.74
35,BURI, 1150544, 0.667
35,BURITAMA, 1707497, 0.763
35,BURITIZAL, 2940894, 0.735
35,CABRÁLIA PAULISTA, 2235526, 0.694
35,CABREÚVA, 3500789, 0.738
35,CAÇAPAVA, 3138336, 0.788
35,CACHOEIRA PAULISTA, 1041731, 0.764
35,CACONDE, 838027, 0.72
35,CAFELÂNDIA, 1530387, 0.742
35,CAIABU, 1304819, 0.729
35,CAIEIRAS, 2461239, 0.781
35,CAIUÁ, 1101964, 0.697
35,CAJAMAR, 9402873, 0.728
35,CAJATI, 2931517, 0.694
35,CAJOBI, 943581, 0.734
35,CAJURU, 1299123, 0.713
35,CAMPINA DO MONTE ALEGRE, 1438802, 0.717
35,CAMPINAS, 3387272, 0.805
35,CAMPO LIMPO PAULISTA, 1613717, 0.769
35,CAMPOS DO JORDÃO, 1412349, 0.749
35,CAMPOS NOVOS PAULISTA, 1773786, 0.706
35,CANANÉIA, 3518925, 0.72
35,CANAS, 1205761, 0.704
35,CÂNDIDO MOTA, 1541576, 0.747
35,CÂNDIDO RODRIGUES, 188568, 0.789
35,CANITAR, 2154384, 0.68
35,CAPÃO BONITO, 1043301, 0.721
35,CAPELA DO ALTO, 855516, 0.699
35,CAPIVARI, 2255024, 0.75
35,CARAGUATATUBA, 1537647, 0.759
35,CARAPICUÍBA, 822662, 0.749
35,CARDOSO, 994286, 0.722
35,CASA BRANCA, 1557493, 0.73
35,CÁSSIA DOS COQUEIROS, 2240324, 0.734
35,CASTILHO, 1892158, 0.731
35,CATANDUVA, 2116382, 0.785
35,CATIGUÁ, 120524, 0.751
35,CEDRAL, 164723, 0.766
35,CERQUEIRA CÉSAR, 1598121, 0.729
35,CERQUILHO, 2975527, 0.782
35,CESÁRIO LANGE, 1352626, 0.706
35,CHARQUEADA, 1755188, 0.736
35,CHAVANTES, 1331211, 0.729
35,CLEMENTINA, 2505101, 0.725
35,COLINA, 2990447, 0.757
35,COLÔMBIA, 3727528, 0.71
35,CONCHAL, 1352827, 0.708
35,CONCHAS, 1271337, 0.736
35,CORDEIRÓPOLIS, 8544197, 0.758
35,COROADOS, 1576405, 0.719
35,CORONEL MACEDO, 7602, 0.69
35,CORUMBATAÍ, 2544981, 0.754
35,COSMÓPOLIS, 152901, 0.769
35,COSMORAMA, 2700133, 0.722
35,COTIA, 3487566, 0.78
35,CRAVINHOS, 2001997, 0.756
35,CRISTAIS PAULISTA, 1597429, 0.734
35,CRUZÁLIA, 1710944, 0.774
35,CRUZEIRO, 1891024, 0.788
35,CUBATÃO, 7373393, 0.737
35,CUNHA, 509934, 0.684
35,DESCALVADO, 2389095, 0.76
35,DIADEMA, 2831768, 0.757
35,DIRCE REIS, 1438128, 0.741
35,DIVINOLÂNDIA, 1018546, 0.734
35,DOBRADA, 723028, 0.718
35,DOIS CÓRREGOS, 1622399, 0.725
35,DOLCINÓPOLIS, 1082457, 0.742
35,DOURADO, 1458431, 0.738
35,DRACENA, 1539112, 0.776
35,DUARTINA, 996572, 0.748
35,DUMONT, 1275737, 0.744
35,ECHAPORÃ, 123225, 0.745
35,ELDORADO, 1281481, 0.691
35,ELIAS FAUSTO, 2752754, 0.695
35,ELISIÁRIO, 1306758, 0.747
35,EMBAÚBA, 1339288, 0.73
35,EMBU-GUAÇU, 1001782, 0.749
35,EMILIANÓPOLIS, 1208006, 0.727
35,ENGENHEIRO COELHO, 183313, 0.732
35,ESPÍRITO SANTO DO PINHAL, 2080751, 0.787
35,ESPÍRITO SANTO DO TURVO, 1799948, 0.696
35,ESTIVA GERBI, 1878238, 0.74
35,ESTRELA DOESTE, 3240805, 0.76
35,ESTRELA DO NORTE, 1328925, 0.74
35,EUCLIDES DA CUNHA PAULISTA, 572824, 0.704
35,FARTURA, 1059696, 0.732
35,FERNANDO PRESTES, 1524745, 0.758
35,FERNANDÓPOLIS, 1630942, 0.797
35,FERNÃO, 1486692, 0.703
35,FERRAZ DE VASCONCELOS, 1277821, 0.738
35,FLORA RICA, 121829, 0.727
35,FLOREAL, 1344782, 0.747
35,FLÓRIDA PAULISTA, 1092017, 0.715
35,FLORÍNIA, 2806988, 0.713
35,FRANCA, 1583849, 0.78
35,FRANCISCO MORATO, 553903, 0.703
35,FRANCO DA ROCHA, 1214286, 0.731
35,GABRIEL MONTEIRO, 1310264, 0.763
35,GÁLIA, 1120649, 0.709
35,GARÇA, 1623403, 0.769
35,GASTÃO VIDIGAL, 907001, 0.723
35,GAVIÃO PEIXOTO, 1432873, 0.719
35,GENERAL SALGADO, 1614569, 0.747
35,GETULINA, 1353328, 0.717
35,GLICÉRIO, 1279062, 0.735
35,GUAIÇARA, 1192792, 0.739
35,GUAIMBÊ, 1004196, 0.728
35,GUAÍRA, 2842816, 0.753
35,GUAPIAÇU, 1336286, 0.725
35,GUAPIARA, 1065714, 0.675
35,GUARÁ, 1414828, 0.718
35,GUARAÇAÍ, 1466497, 0.719
35,GUARACI, 1903756, 0.737
35,GUARANI DOESTE, 89577, 0.732
35,GUARANTÃ, 160633, 0.713
35,GUARARAPES, 1914373, 0.763
35,GUARAREMA, 4397017, 0.731
35,GUARATINGUETÁ, 2566958, 0.798
35,GUAREÍ, 999535, 0.687
35,GUARIBA, 1774864, 0.719
35,GUARUJÁ, 1543777, 0.751
35,GUARULHOS, 3010286, 0.763
35,GUATAPARÁ, 1952617, 0.743
35,GUZOLÂNDIA, 913218, 0.697
35,HERCULÂNDIA, 1349896, 0.727
35,HOLAMBRA, 3647585, 0.793
35,HORTOLÂNDIA, 4633719, 0.756
35,IACANGA, 2349526, 0.745
35,IACRI, 1415602, 0.733
35,IARAS, 1199463, 0.674
35,IBATÉ, 1403645, 0.703
35,IBIRÁ, 1057079, 0.74
35,IBIRAREMA, 2055836, 0.708
35,IBITINGA, 1475621, 0.747
35,IBIÚNA, 1106425, 0.71
35,ICÉM, 1540284, 0.72
35,IEPÊ, 1442175, 0.736
35,IGARAÇU DO TIETÊ, 779619, 0.727
35,IGARAPAVA, 2193814, 0.768
35,IGARATÁ, 110736, 0.711
35,IGUAPE, 890569, 0.726
35,ILHA COMPRIDA, 981859, 0.725
35,ILHA SOLTEIRA, 1277411, 0.812
35,ILHABELA, 1334522, 0.756
35,INDAIATUBA, 3777543, 0.788
35,INDIANA, 818539, 0.761
35,INDIAPORÃ, 1220089, 0.751
35,INÚBIA PAULISTA, 2120823, 0.759
35,IPAUSSU, 1717523, 0.727
35,IPERÓ, 1123653, 0.719
35,IPEÚNA, 3282378, 0.753
35,IPIGUÁ, 1100853, 0.73
35,IPORANGA, 547489, 0.703
35,IPUÃ, 1484832, 0.749
35,IRACEMÁPOLIS, 1958459, 0.776
35,IRAPUÃ, 979611, 0.713
35,IRAPURU, 844194, 0.712
35,ITABERÁ, 1146939, 0.693
35,ITAÍ, 1310855, 0.713
35,ITAJOBI, 1653622, 0.73
35,ITAJU, 1431334, 0.705
35,ITANHAÉM, 971607, 0.745
35,ITAÓCA, 584368, 0.68
35,ITAPECERICA DA SERRA, 186887, 0.742
35,ITAPETININGA, 1738593, 0.763
35,ITAPEVA, 1310765, 0.732
35,ITAPEVI, 2846858, 0.735
35,ITAPIRA, 2782993, 0.762
35,ITAPIRAPUÃ PAULISTA, 50624, 0.661
35,ITÁPOLIS, 2296007, 0.744
35,ITAPORANGA, 786804, 0.719
35,ITAPUÍ, 2819893, 0.725
35,ITAPURA, 1287176, 0.72
35,ITAQUAQUECETUBA, 1025826, 0.714
35,ITARARÉ, 1018591, 0.703
35,ITARIRI, 720493, 0.677
35,ITATIBA, 3332915, 0.778
35,ITATINGA, 997308, 0.706
35,ITIRAPINA, 2291892, 0.724
35,ITIRAPUÃ, 748671, 0.707
35,ITOBI, 712458, 0.717
35,ITU, 2863271, 0.773
35,ITUPEVA, 5198552, 0.762
35,ITUVERAVA, 1585874, 0.765
35,JABORANDI, 1543513, 0.711
35,JABOTICABAL, 2200592, 0.778
35,JACAREÍ, 3145443, 0.777
35,JACI, 4092397, 0.723
35,JACUPIRANGA, 1589294, 0.717
35,JAGUARIÚNA, 10769434, 0.784
35,JALES, 1536568, 0.776
35,JAMBEIRO, 3757647, 0.756
35,JANDIRA, 2007791, 0.76
35,JARDINÓPOLIS, 138716, 0.735
35,JARINU, 2405267, 0.733
35,JAÚ, 1794338, 0.778
35,JERIQUARA, 1408107, 0.703
35,JOANÓPOLIS, 851965, 0.699
35,JOÃO RAMALHO, 2050705, 0.741
35,JOSÉ BONIFÁCIO, 2093623, 0.777
35,JÚLIO MESQUITA, 680752, 0.716
35,JUMIRIM, 1513691, 0.741
35,JUNDIAÍ, 6443033, 0.822
35,JUNQUEIRÓPOLIS, 1834332, 0.745
35,JUQUIÁ, 1105971, 0.7
35,JUQUITIBA, 1056615, 0.709
35,LAGOINHA, 825299, 0.693
35,LARANJAL PAULISTA, 2217633, 0.729
35,LAVÍNIA, 1105441, 0.721
35,LAVRINHAS, 1186588, 0.729
35,LEME, 1791981, 0.744
35,LENÇÓIS PAULISTA, 2591929, 0.764
35,LIMEIRA, 2692307, 0.775
35,LINDÓIA, 10330, 0.742
35,LINS, 3237537, 0.786
35,LORENA, 1619398, 0.766
35,LOURDES, 1330907, 0.742
35,LOUVEIRA, 20018683, 0.777
35,LUCÉLIA, 132922, 0.752
35,LUCIANÓPOLIS, 1040446, 0.733
35,LUÍS ANTÔNIO, 6983145, 0.731
35,LUIZIÂNIA, 783646, 0.702
35,LUPÉRCIO, 846714, 0.724
35,LUTÉCIA, 1616503, 0.72
35,MACATUBA, 2151715, 0.77
35,MACAUBAL, 1269295, 0.743
35,MACEDÔNIA, 1418606, 0.74
35,MAGDA, 1499459, 0.753
35,MAIRINQUE, 2703713, 0.743
35,MAIRIPORÃ, 1402134, 0.788
35,MANDURI, 796582, 0.739
35,MARABÁ PAULISTA, 192934, 0.677
35,MARACAÍ, 2386039, 0.771
35,MARAPOAMA, 269415, 0.752
35,MARIÁPOLIS, 1073432, 0.718
35,MARÍLIA, 203033, 0.798
35,MARINÓPOLIS, 961847, 0.731
35,MARTINÓPOLIS, 1058351, 0.721
35,MATÃO, 2769369, 0.773
35,MAUÁ, 2274546, 0.766
35,MENDONÇA, 2495416, 0.744
35,MERIDIANO, 260305, 0.731
35,MESÓPOLIS, 2595142, 0.724
35,MIGUELÓPOLIS, 1761209, 0.741
35,MINEIROS DO TIETÊ, 828981, 0.73
35,MIRA ESTRELA, 994566, 0.743
35,MIRACATU, 1889536, 0.697
35,MIRANDÓPOLIS, 1191329, 0.751
35,MIRANTE DO PARANAPANEMA, 1055832, 0.724
35,MIRASSOL, 1871363, 0.762
35,MIRASSOLÂNDIA, 1169118, 0.738
35,MOCOCA, 1696609, 0.762
35,MOGI DAS CRUZES, 2441379, 0.783
35,MOGI GUAÇU, 2599513, 0.774
35,MOJI MIRIM, 3041551, 0.784
35,MOMBUCA, 1340886, 0.719
35,MONÇÕES, 2773074, 0.772
35,MONGAGUÁ, 949776, 0.754
35,MONTE ALEGRE DO SUL, 172772, 0.759
35,MONTE ALTO, 2122259, 0.768
35,MONTE APRAZÍVEL, 1829022, 0.785
35,MONTE AZUL PAULISTA, 1583776, 0.753
35,MONTE CASTELO, 1449888, 0.741
35,MONTE MOR, 3985038, 0.733
35,MONTEIRO LOBATO, 965627, 0.71
35,MORRO AGUDO, 2561255, 0.712
35,MORUNGABA, 2805052, 0.715
35,MOTUCA, 1639422, 0.741
35,MURUTINGA DO SUL, 1045514, 0.726
35,NANTES, 244879, 0.714
35,NARANDIBA, 3659574, 0.718
35,NATIVIDADE DA SERRA, 6930, 0.655
35,NAZARÉ PAULISTA, 1288594, 0.678
35,NEVES PAULISTA, 1594875, 0.754
35,NHANDEARA, 1673751, 0.751
35,NIPOÃ, 1526494, 0.713
35,NOVA ALIANÇA, 1109863, 0.738
35,NOVA CAMPINA, 232337, 0.651
35,NOVA CANAÃ PAULISTA, 1068472, 0.715
35,NOVA CASTILHO, 2456751, 0.756
35,NOVA EUROPA, 1997074, 0.765
35,NOVA GRANADA, 1136046, 0.739
35,NOVA GUATAPORANGA, 760452, 0.726
35,NOVA INDEPENDÊNCIA, 1893093, 0.735
35,NOVA LUZITÂNIA, 8069, 0.743
35,NOVA ODESSA, 3343134, 0.791
35,NOVAIS, 88983, 0.719
35,NOVO HORIZONTE, 1678358, 0.753
35,NUPORANGA, 4285376, 0.746
35,OCAUÇU, 1221696, 0.717
35,ÓLEO, 1150592, 0.73
35,OLÍMPIA, 2452522, 0.773
35,ONDA VERDE, 3360925, 0.738
35,ORIENTE, 922487, 0.77
35,ORINDIÚVA, 4380584, 0.767
35,ORLÂNDIA, 2575775, 0.78
35,OSASCO, 677305, 0.776
35,OSCAR BRESSANE, 1219326, 0.749
35,OSVALDO CRUZ, 188465, 0.762
35,OURINHOS, 1686772, 0.778
35,OURO VERDE, 969277, 0.692
35,OUROESTE, 6385584, 0.77
35,PACAEMBU, 893588, 0.725
35,PALESTINA, 198238, 0.732
35,PALMARES PAULISTA, 701127, 0.722
35,PALMEIRA DOESTE, 1078876, 0.753
35,PALMITAL, 1910123, 0.746
35,PANORAMA, 113505, 0.722
35,PARAGUAÇU PAULISTA, 1757096, 0.762
35,PARAIBUNA, 1194908, 0.719
35,PARAÍSO, 2382004, 0.749
35,PARANAPANEMA, 1702903, 0.717
35,PARANAPUÃ, 119397, 0.732
35,PARAPUÃ, 1757093, 0.737
35,PARDINHO, 2609318, 0.727
35,PARIQUERA-AÇU, 1511045, 0.736
35,PARISI, 1035748, 0.721
35,PATROCÍNIO PAULISTA, 2835153, 0.73
35,PAULICÉIA, 1843915, 0.711
35,PAULÍNIA, 17876089, 0.795
35,PAULISTÂNIA, 1039653, 0.718
35,PAULO DE FARIA, 1796988, 0.725
35,PEDERNEIRAS, 3246487, 0.739
35,PEDRA BELA, 720116, 0.677
35,PEDRANÓPOLIS, 125663, 0.742
35,PEDREGULHO, 3869516, 0.715
35,PEDREIRA, 1817348, 0.769
35,PEDRINHAS PAULISTA, 2038001, 0.774
35,PEDRO DE TOLEDO, 883721, 0.696
35,PENÁPOLIS, 148459, 0.759
35,PEREIRA BARRETO, 163745, 0.766
35,PEREIRAS, 1378961, 0.736
35,PERUÍBE, 1077879, 0.749
35,PIACATU, 1183361, 0.732
35,PIEDADE, 113112, 0.716
35,PILAR DO SUL, 920101, 0.69
35,PINDAMONHANGABA, 2597951, 0.773
35,PINDORAMA, 1272527, 0.737
35,PINHALZINHO, 1027359, 0.725
35,PIQUEROBI, 1097617, 0.711
35,PIQUETE, 636193, 0.757
35,PIRACAIA, 1022143, 0.739
35,PIRACICABA, 3357767, 0.785
35,PIRAJU, 1189435, 0.758
35,PIRAJUÍ, 936547, 0.749
35,PIRANGI, 1239814, 0.756
35,PIRAPORA DO BOM JESUS, 2047715, 0.727
35,PIRAPOZINHO, 1757848, 0.776
35,PIRASSUNUNGA, 2113968, 0.801
35,PIRATININGA, 846521, 0.779
35,PITANGUEIRAS, 1901146, 0.723
35,PLANALTO, 3374228, 0.719
35,PLATINA, 1477333, 0.719
35,POÁ, 3771607, 0.771
35,POLONI, 1573044, 0.766
35,POMPÉIA, 353757, 0.786
35,PONGAÍ, 1235853, 0.755
35,PONTAL, 1647755, 0.725
35,PONTALINDA, 957185, 0.702
35,PONTES GESTAL, 4230519, 0.732
35,POPULINA, 1473199, 0.714
35,PORANGABA, 97385, 0.703
35,PORTO FELIZ, 1789714, 0.758
35,PORTO FERREIRA, 2195998, 0.751
35,POTIM, 567951, 0.697
35,POTIRENDABA, 1987681, 0.747
35,PRACINHA, 547658, 0.696
35,PRADÓPOLIS, 2025349, 0.733
35,PRAIA GRANDE, 1243312, 0.754
35,PRATÂNIA, 1606663, 0.701
35,PRESIDENTE ALVES, 920795, 0.735
35,PRESIDENTE BERNARDES, 1055131, 0.757
35,PRESIDENTE EPITÁCIO, 1539584, 0.75
35,PRESIDENTE PRUDENTE, 2068888, 0.806
35,PRESIDENTE VENCESLAU, 1063105, 0.763
35,PROMISSÃO, 3952591, 0.743
35,QUADRA, 2239352, 0.678
35,QUATÁ, 2229738, 0.738
35,QUEIROZ, 5698512, 0.715
35,QUELUZ, 959148, 0.722
35,QUINTANA, 1144283, 0.732
35,RAFARD, 2004707, 0.745
35,RANCHARIA, 1919764, 0.751
35,REDENÇÃO DA SERRA, 827739, 0.657
35,REGENTE FEIJÓ, 2020843, 0.768
35,REGINÓPOLIS, 804184, 0.728
35,REGISTRO, 180205, 0.754
35,RESTINGA, 1699246, 0.705
35,RIBEIRA, 670325, 0.698
35,RIBEIRÃO BONITO, 1227066, 0.712
35,RIBEIRÃO BRANCO, 844965, 0.639
35,RIBEIRÃO CORRENTE, 1488275, 0.711
35,RIBEIRÃO DO SUL, 1437458, 0.747
35,RIBEIRÃO DOS ÍNDIOS, 97987, 0.721
35,RIBEIRÃO GRANDE, 2764872, 0.705
35,RIBEIRÃO PIRES, 16039, 0.784
35,RIBEIRÃO PRETO, 2899393, 0.8
35,RIFAINA, 3698477, 0.74
35,RINCÃO, 1169441, 0.734
35,RINÓPOLIS, 1011138, 0.723
35,RIO CLARO, 301227, 0.803
35,RIO DAS PEDRAS, 2715315, 0.759
35,RIO GRANDE DA SERRA, 864057, 0.749
35,RIOLÂNDIA, 991273, 0.703
35,RIVERSUL, 510354, 0.664
35,ROSANA, 418017, 0.764
35,ROSEIRA, 1580355, 0.737
35,RUBIÁCEA, 2170275, 0.721
35,RUBINÉIA, 1058332, 0.759
35,SABINO, 1921673, 0.728
35,SAGRES, 948392, 0.73
35,SALES, 1059621, 0.751
35,SALES OLIVEIRA, 1813616, 0.772
35,SALESÓPOLIS, 830649, 0.732
35,SALMOURÃO, 1089911, 0.719
35,SALTINHO, 1684313, 0.791
35,SALTO, 3161489, 0.78
35,SALTO DE PIRAPORA, 2322472, 0.729
35,SALTO GRANDE, 1085115, 0.704
35,SANDOVALINA, 3449976, 0.709
35,SANTA ADÉLIA, 1440118, 0.76
35,SANTA ALBERTINA, 1446117, 0.728
35,SANTA BÁRBARA DOESTE, 1950712, 0.781
35,SANTA BRANCA, 1513493, 0.735
35,SANTA CLARA DOESTE, 1494278, 0.733
35,SANTA CRUZ DA CONCEIÇÃO, 2360692, 0.79
35,SANTA CRUZ DA ESPERANÇA, 1350902, 0.743
35,SANTA CRUZ DAS PALMEIRAS, 984841, 0.728
35,SANTA CRUZ DO RIO PARDO, 2196374, 0.762
35,SANTA ERNESTINA, 961061, 0.738
35,SANTA FÉ DO SUL, 1834912, 0.784
35,SANTA GERTRUDES, 4230576, 0.737
35,SANTA ISABEL, 1909625, 0.738
35,SANTA LÚCIA, 939858, 0.737
35,SANTA MARIA DA SERRA, 159397, 0.686
35,SANTA MERCEDES, 1442149, 0.739
35,SANTA RITA DOESTE, 1132279, 0.761
35,SANTA RITA DO PASSA QUATRO, 1735823, 0.775
35,SANTA ROSA DE VITERBO, 2392305, 0.77
35,SANTA SALETE, 1187073, 0.772
35,SANTANA DA PONTE PENSA, 1179491, 0.773
35,SANTANA DE PARNAÍBA, 4316082, 0.814
35,SANTO ANASTÁCIO, 1107111, 0.753
35,SANTO ANDRÉ, 2745041, 0.815
35,SANTO ANTÔNIO DA ALEGRIA, 1822332, 0.702
35,SANTO ANTÔNIO DE POSSE, 2285456, 0.702
35,SANTO ANTÔNIO DO ARACANGUÁ, 2658761, 0.757
35,SANTO ANTÔNIO DO JARDIM, 1327935, 0.714
35,SANTO ANTÔNIO DO PINHAL, 83439, 0.706
35,SANTO EXPEDITO, 752045, 0.732
35,SANTÓPOLIS DO AGUAPEÍ, 979438, 0.74
35,SANTOS, 317136, 0.84
35,SÃO BENTO DO SAPUCAÍ, 1024733, 0.72
35,SÃO BERNARDO DO CAMPO, 5561889, 0.805
35,SÃO CAETANO DO SUL, 7813857, 0.862
35,SÃO CARLOS, 302452, 0.805
35,SÃO FRANCISCO, 862623, 0.723
35,SÃO JOÃO DA BOA VISTA, 205924, 0.797
35,SÃO JOÃO DAS DUAS PONTES, 928962, 0.72
35,SÃO JOÃO DE IRACEMA, 166416, 0.748
35,SÃO JOÃO DO PAU DALHO, 1215815, 0.75
35,SÃO JOAQUIM DA BARRA, 1987931, 0.762
35,SÃO JOSÉ DA BELA VISTA, 1136283, 0.693
35,SÃO JOSÉ DO BARREIRO, 683229, 0.684
35,SÃO JOSÉ DO RIO PARDO, 2195995, 0.774
35,SÃO JOSÉ DO RIO PRETO, 2293545, 0.797
35,SÃO JOSÉ DOS CAMPOS, 4110747, 0.807
35,SÃO LOURENÇO DA SERRA, 1512015, 0.728
35,SÃO LUÍS DO PARAITINGA, 818565, 0.697
35,SÃO MANUEL, 1811643, 0.744
35,SÃO MIGUEL ARCANJO, 1049863, 0.71
35,SÃO PAULO, 3974957, 0.805
35,SÃO PEDRO, 1254963, 0.755
35,SÃO PEDRO DO TURVO, 1276616, 0.703
35,SÃO ROQUE, 1813185, 0.768
35,SÃO SEBASTIÃO, 5136357, 0.772
35,SÃO SEBASTIÃO DA GRAMA, 1296989, 0.701
35,SÃO SIMÃO, 1708174, 0.766
35,SÃO VICENTE, 96694, 0.768
35,SARAPUÍ, 1025278, 0.707
35,SARUTAIÁ, 69697, 0.688
35,SEBASTIANÓPOLIS DO SUL, 7797949, 0.773
35,SERRA AZUL, 728607, 0.686
35,SERRA NEGRA, 1467566, 0.767
35,SERRANA, 1207517, 0.729
35,SERTÃOZINHO, 345097, 0.761
35,SETE BARRAS, 1845124, 0.673
35,SEVERÍNIA, 142866, 0.715
35,SILVEIRAS, 639199, 0.678
35,SOCORRO, 1173469, 0.729
35,SOROCABA, 3184351, 0.798
35,SUD MENNUCCI, 1800376, 0.747
35,SUMARÉ, 3823506, 0.762
35,SUZANÁPOLIS, 3410569, 0.699
35,SUZANO, 2506146, 0.765
35,TABAPUÃ, 1498091, 0.735
35,TABATINGA, 956488, 0.704
35,TABOÃO DA SERRA, 2291481, 0.769
35,TACIBA, 2220634, 0.723
35,TAGUAÍ, 1056308, 0.709
35,TAIAÇU, 907497, 0.71
35,TAIÚVA, 1169307, 0.76
35,TAMBAÚ, 1724561, 0.731
35,TANABI, 1656435, 0.748
35,TAPIRAÍ, 902874, 0.681
35,TAPIRATIBA, 135387, 0.751
35,TAQUARAL, 88122, 0.759
35,TAQUARITINGA, 1340162, 0.748
35,TAQUARITUBA, 114142, 0.701
35,TAQUARIVAÍ, 1332449, 0.679
35,TARABAI, 911592, 0.726
35,TARUMÃ, 4334755, 0.753
35,TATUÍ, 2144791, 0.752
35,TAUBATÉ, 4242776, 0.8
35,TEJUPÁ, 682943, 0.668
35,TEODORO SAMPAIO, 1380599, 0.741
35,TERRA ROXA, 109436, 0.749
35,TIETÊ, 3437803, 0.778
35,TIMBURI, 86272, 0.71
35,TORRE DE PEDRA, 617866, 0.714
35,TORRINHA, 1253066, 0.744
35,TRABIJU, 1641148, 0.722
35,TREMEMBÉ, 1009496, 0.785
35,TRÊS FRONTEIRAS, 986726, 0.753
35,TUIUTI, 1941568, 0.728
35,TUPÃ, 1552129, 0.771
35,TUPI PAULISTA, 1204653, 0.769
35,TURIÚBA, 1821914, 0.751
35,TURMALINA, 1485922, 0.736
35,UBARANA, 2880562, 0.7
35,UBATUBA, 1139546, 0.751
35,UBIRAJARA, 897983, 0.727
35,UCHOA, 2023689, 0.721
35,UNIÃO PAULISTA, 1905566, 0.749
35,URÂNIA, 1366624, 0.746
35,URU, 164984, 0.712
35,URUPÊS, 1282454, 0.745
35,VALENTIM GENTIL, 1853803, 0.735
35,VALINHOS, 3663213, 0.819
35,VALPARAÍSO, 2161829, 0.725
35,VARGEM, 680034, 0.699
35,VARGEM GRANDE DO SUL, 1165005, 0.737
35,VARGEM GRANDE PAULISTA, 206111, 0.77
35,VÁRZEA PAULISTA, 1714479, 0.759
35,VERA CRUZ, 798855, 0.754
35,VINHEDO, 8209658, 0.817
35,VIRADOURO, 992552, 0.739
35,VISTA ALEGRE DO ALTO, 2924488, 0.744
35,VITÓRIA BRASIL, 921922, 0.725
35,VOTORANTIM, 1722954, 0.767
35,VOTUPORANGA, 1737354, 0.79
35,ZACARIAS, 24636, 0.729
